Taxon;Genus;Hybrid.marker;Species;Abbrev;Infraspecific.rank;Infraspecific;Authority;ID;Plant.Name.Index;TPL.version;Taxonomic.status;Family;New.Genus;New.Hybrid.marker;New.Species;New.Infraspecific.rank;New.Infraspecific;New.Authority;New.ID;New.Taxonomic.status;Typo;WFormat;Higher.level;Date
Abarema jupunba;Abarema;;jupunba;NA;NA;;;ild-17547;TRUE;1.1;Accepted;Leguminosae;Abarema;;jupunba;;;(Willd.) Britton & Killip;ild-17547;Accepted;FALSE;FALSE;FALSE;09/12/2021
Ampelocera edentula;Ampelocera;;edentula;NA;NA;;;kew-2634287;TRUE;1.1;Accepted;Ulmaceae;Ampelocera;;edentula;;;Kuhlm.;kew-2634287;Accepted;FALSE;FALSE;FALSE;09/12/2021
Andira coriacea;Andira;;coriacea;NA;NA;;;ild-15869;TRUE;1.1;Accepted;Leguminosae;Andira;;coriacea;;;Pulle;ild-15869;Accepted;FALSE;FALSE;FALSE;09/12/2021
Andira sp;Andira;;sp;NA;NA;;;;FALSE;1.1;;;Andira;;sp;NA;;;;;FALSE;FALSE;FALSE;09/12/2021
Aniba melinonii;Aniba;;melinonii;NA;NA;;;kew-2639718;TRUE;1.1;Unresolved;Lauraceae;Aniba;;melinonii;;;Lemée;kew-2639718;Unresolved;FALSE;FALSE;FALSE;09/12/2021
Aniba parviflora;Aniba;;parviflora;NA;NA;;;kew-2639727;TRUE;1.1;Accepted;Lauraceae;Aniba;;parviflora;;;(Meisn.) Mez;kew-2639727;Accepted;FALSE;FALSE;FALSE;09/12/2021
Antonia ovata;Antonia;;ovata;NA;NA;;;kew-2643055;TRUE;1.1;Accepted;Loganiaceae;Antonia;;ovata;;;Pohl;kew-2643055;Accepted;FALSE;FALSE;FALSE;09/12/2021
Apeiba membranacea;Apeiba;;membranacea;NA;NA;;;kew-2643251;TRUE;1.1;Accepted;Malvaceae;Apeiba;;membranacea;;;Spruce ex Benth.;kew-2643251;Accepted;FALSE;FALSE;FALSE;09/12/2021
Aspidosperma album;Aspidosperma;;album;NA;NA;;;kew-17226;TRUE;1.1;Accepted;Apocynaceae;Aspidosperma;;album;;;(Vahl) Benoist ex Pichon;kew-17226;Accepted;FALSE;FALSE;FALSE;09/12/2021
Aspidosperma sandwithianum;Aspidosperma;;sandwithianum;NA;NA;;;kew-17362;TRUE;1.1;Accepted;Apocynaceae;Aspidosperma;;sandwithianum;;;Markgr.;kew-17362;Accepted;FALSE;FALSE;FALSE;09/12/2021
Avicennia germinans;Avicennia;;germinans;NA;NA;;;kew-18443;TRUE;1.1;Accepted;Acanthaceae;Avicennia;;germinans;;;(L.) L.;kew-18443;Accepted;FALSE;FALSE;FALSE;09/12/2021
Bagassa guianensis;Bagassa;;guianensis;NA;NA;;;kew-2667845;TRUE;1.1;Accepted;Moraceae;Bagassa;;guianensis;;;Aubl.;kew-2667845;Accepted;FALSE;FALSE;FALSE;09/12/2021
Balizia pedicellaris;Balizia;;pedicellaris;NA;NA;;;ild-39699;TRUE;1.1;Synonym;Leguminosae;Albizia;;pedicellaris;;;(Dc.) L.Rico;ild-56574;Accepted;FALSE;FALSE;FALSE;09/12/2021
Bocoa prouacensis;Bocoa;;prouacensis;NA;NA;;;ild-10925;TRUE;1.1;Accepted;Leguminosae;Bocoa;;prouacensis;;;Aubl.;ild-10925;Accepted;FALSE;FALSE;FALSE;09/12/2021
Bombacopsis nervosa;Bombacopsis;;nervosa;NA;NA;;;kew-2679027;TRUE;1.1;Synonym;Malvaceae;Pachira;;nervosa;;;(Uittien) Fern.Alonso;kew-2412799;Accepted;FALSE;FALSE;FALSE;09/12/2021
Brosimum rubescens;Brosimum;;rubescens;NA;NA;;;kew-2683638;TRUE;1.1;Accepted;Moraceae;Brosimum;;rubescens;;;Taub.;kew-2683638;Accepted;FALSE;FALSE;FALSE;09/12/2021
Brosimum utile;Brosimum;;utile;NA;NA;;;kew-2683645;TRUE;1.1;Accepted;Moraceae;Brosimum;;utile;;;(Kunth) Oken;kew-2683645;Accepted;FALSE;FALSE;FALSE;09/12/2021
Caraipa densifolia;Caraipa;;densifolia;NA;NA;;;kew-2698918;TRUE;1.1;Accepted;Calophyllaceae;Caraipa;;densifolia;;;Mart.;kew-2698918;Accepted;FALSE;FALSE;FALSE;09/12/2021
Carapa guianensis;Carapa;;guianensis;NA;NA;;;kew-2699327;TRUE;1.1;Accepted;Meliaceae;Carapa;;guianensis;;;Aubl.;kew-2699327;Accepted;FALSE;FALSE;FALSE;09/12/2021
Carapa procera;Carapa;;procera;NA;NA;;;tro-20400504;TRUE;1.1;Accepted;Meliaceae;Carapa;;procera;;;DC.;tro-20400504;Accepted;FALSE;FALSE;FALSE;09/12/2021
Carapa sp;Carapa;;sp;NA;NA;;;;FALSE;1.1;;;Carapa;;sp;NA;;;;;FALSE;FALSE;FALSE;09/12/2021
Caryocar glabrum;Caryocar;;glabrum;NA;NA;;;kew-34638;TRUE;1.1;Accepted;Caryocaraceae;Caryocar;;glabrum;;;(Aubl.) Pers.;kew-34638;Accepted;FALSE;FALSE;FALSE;09/12/2021
Caryocar microcarpum;Caryocar;;microcarpum;NA;NA;;;kew-34648;TRUE;1.1;Accepted;Caryocaraceae;Caryocar;;microcarpum;;;Ducke;kew-34648;Accepted;FALSE;FALSE;FALSE;09/12/2021
Casuarina equisetifolia;Casuarina;;equisetifolia;NA;NA;;;kew-2705446;TRUE;1.1;Accepted;Casuarinaceae;Casuarina;;equisetifolia;;;L.;kew-2705446;Accepted;FALSE;FALSE;FALSE;09/12/2021
Catostemma fragrans;Catostemma;;fragrans;NA;NA;;;kew-2705832;TRUE;1.1;Accepted;Malvaceae;Catostemma;;fragrans;;;Benth.;kew-2705832;Accepted;FALSE;FALSE;FALSE;09/12/2021
Cecropia sciadophylla;Cecropia;;sciadophylla;NA;NA;;;kew-2707133;TRUE;1.1;Accepted;Urticaceae;Cecropia;;sciadophylla;;;Mart.;kew-2707133;Accepted;FALSE;FALSE;FALSE;09/12/2021
Cedrela odorata;Cedrela;;odorata;NA;NA;;;kew-2707234;TRUE;1.1;Accepted;Meliaceae;Cedrela;;odorata;;;L.;kew-2707234;Accepted;FALSE;FALSE;FALSE;09/12/2021
Cedrelinga catenaeformis;Cedrelinga;;catenaeformis;NA;NA;;;ild-11970;TRUE;1.1;Synonym;Leguminosae;Cedrelinga;;cateniformis;;;(Ducke) Ducke;ild-33028;Accepted;FALSE;FALSE;FALSE;09/12/2021
Chaetocarpus schomburgkianus;Chaetocarpus;;schomburgkianus;NA;NA;;;kew-37365;TRUE;1.1;Accepted;Peraceae;Chaetocarpus;;schomburgkianus;;;(Kuntze) Pax & K.Hoffm.;kew-37365;Accepted;FALSE;FALSE;FALSE;09/12/2021
Chrysophyllum pomiferum;Chrysophyllum;;pomiferum;NA;NA;;;kew-40250;TRUE;1.1;Accepted;Sapotaceae;Chrysophyllum;;pomiferum;;;(Eyma) T.D.Penn.;kew-40250;Accepted;FALSE;FALSE;FALSE;09/12/2021
Chrysophyllum prieurii;Chrysophyllum;;prieurii;NA;NA;;;kew-40252;TRUE;1.1;Accepted;Sapotaceae;Chrysophyllum;;prieurii;;;A.DC.;kew-40252;Accepted;FALSE;FALSE;FALSE;09/12/2021
Chrysophyllum sanguinolentum;Chrysophyllum;;sanguinolentum;NA;NA;;;kew-40277;TRUE;1.1;Accepted;Sapotaceae;Chrysophyllum;;sanguinolentum;;;(Pierre) Baehni;kew-40277;Accepted;FALSE;FALSE;FALSE;09/12/2021
Cocos nucifera;Cocos;;nucifera;NA;NA;;;kew-44645;TRUE;1.1;Accepted;Arecaceae;Cocos;;nucifera;;;L.;kew-44645;Accepted;FALSE;FALSE;FALSE;09/12/2021
Copaifera guianensis;Copaifera;;guianensis;NA;NA;;;ild-12068;TRUE;1.1;Accepted;Leguminosae;Copaifera;;guyanensis;;;Desf.;ild-12068;Accepted;TRUE;FALSE;FALSE;09/12/2021
Couepia guianensis;Couepia;;guianensis;NA;NA;;;kew-367952;TRUE;1.1;Accepted;Chrysobalanaceae;Couepia;;guianensis;;;Aubl.;kew-367952;Accepted;FALSE;FALSE;FALSE;09/12/2021
Couma guianensis;Couma;;guianensis;NA;NA;;;kew-48381;TRUE;1.1;Accepted;Apocynaceae;Couma;;guianensis;;;Aubl.;kew-48381;Accepted;FALSE;FALSE;FALSE;09/12/2021
Couratari guianensis;Couratari;;guianensis;NA;NA;;;kew-313671;TRUE;1.1;Accepted;Lecythidaceae;Couratari;;guianensis;;;Aubl.;kew-313671;Accepted;FALSE;FALSE;FALSE;09/12/2021
Couratari multiflora;Couratari;;multiflora;NA;NA;;;kew-313682;TRUE;1.1;Accepted;Lecythidaceae;Couratari;;multiflora;;;(Sm.) Eyma;kew-313682;Accepted;FALSE;FALSE;FALSE;09/12/2021
Couratari oblongifolia;Couratari;;oblongifolia;NA;NA;;;kew-313683;TRUE;1.1;Accepted;Lecythidaceae;Couratari;;oblongifolia;;;Ducke & R.Knuth;kew-313683;Accepted;FALSE;FALSE;FALSE;09/12/2021
Couratari sp;Couratari;;sp;NA;NA;;;;FALSE;1.1;;;Couratari;;sp;NA;;;;;FALSE;FALSE;FALSE;09/12/2021
Dendrobangia boliviana;Dendrobangia;;boliviana;NA;NA;;;kew-2760656;TRUE;1.1;Accepted;Cardiopteridaceae;Dendrobangia;;boliviana;;;Rusby;kew-2760656;Accepted;FALSE;FALSE;FALSE;09/12/2021
Dicorynia guianensis;Dicorynia;;guianensis;NA;NA;;;ild-28268;TRUE;1.1;Accepted;Leguminosae;Dicorynia;;guianensis;;;Amshoff;ild-28268;Accepted;FALSE;FALSE;FALSE;09/12/2021
Dimorphandra polyandra;Dimorphandra;;polyandra;NA;NA;;;ild-16702;TRUE;1.1;Accepted;Leguminosae;Dimorphandra;;polyandra;;;Benoist;ild-16702;Accepted;FALSE;FALSE;FALSE;09/12/2021
Diplotropis purpurea;Diplotropis;;purpurea;NA;NA;;;ild-10275;TRUE;1.1;Accepted;Leguminosae;Diplotropis;;purpurea;;;(Rich.) Amshoff;ild-10275;Accepted;FALSE;FALSE;FALSE;09/12/2021
Dipteryx odorata;Dipteryx;;odorata;NA;NA;;;ild-16819;TRUE;1.1;Accepted;Leguminosae;Dipteryx;;odorata;;;(Aubl.) Willd.;ild-16819;Accepted;FALSE;FALSE;FALSE;09/12/2021
Dipteryx punctata;Dipteryx;;punctata;NA;NA;;;ild-10284;TRUE;1.1;Accepted;Leguminosae;Dipteryx;;punctata;;;(S.F.Blake) Amshoff;ild-10284;Accepted;FALSE;FALSE;FALSE;09/12/2021
Drypetes variabilis;Drypetes;;variabilis;NA;NA;;;kew-65084;TRUE;1.1;Accepted;Putranjivaceae;Drypetes;;variabilis;;;Uittien;kew-65084;Accepted;FALSE;FALSE;FALSE;09/12/2021
Enterolobium oldemanii;Enterolobium;;oldemanii;NA;NA;;;ild-41063;TRUE;1.1;Accepted;Leguminosae;Enterolobium;;oldemanii;;;Barneby & J.W.Grimes;ild-41063;Accepted;FALSE;FALSE;FALSE;09/12/2021
Enterolobium schomburgkii;Enterolobium;;schomburgkii;NA;NA;;;ild-20218;TRUE;1.1;Accepted;Leguminosae;Enterolobium;;schomburgkii;;;(Benth.) Benth.;ild-20218;Accepted;FALSE;FALSE;FALSE;09/12/2021
Eperua falcata;Eperua;;falcata;NA;NA;;;ild-20220;TRUE;1.1;Accepted;Leguminosae;Eperua;;falcata;;;Aubl.;ild-20220;Accepted;FALSE;FALSE;FALSE;09/12/2021
Eperua grandiflora;Eperua;;grandiflora;NA;NA;;;ild-20221;TRUE;1.1;Accepted;Leguminosae;Eperua;;grandiflora;;;(Aubl.) Benth.;ild-20221;Accepted;FALSE;FALSE;FALSE;09/12/2021
Eperua rubiginosa;Eperua;;rubiginosa;NA;NA;;;ild-20224;TRUE;1.1;Accepted;Leguminosae;Eperua;;rubiginosa;;;Miq.;ild-20224;Accepted;FALSE;FALSE;FALSE;09/12/2021
Eperua sp;Eperua;;sp;NA;NA;;;;FALSE;1.1;;;Eperua;;sp;NA;;;;;FALSE;FALSE;FALSE;09/12/2021
Eriotheca crassa;Eriotheca;;crassa;NA;NA;;;kew-2797568;TRUE;1.1;Accepted;Malvaceae;Eriotheca;;crassa;;;(Uittien) A.Robyns;kew-2797568;Accepted;FALSE;FALSE;FALSE;09/12/2021
Eriotheca globosa;Eriotheca;;globosa;NA;NA;;;kew-2797574;TRUE;1.1;Accepted;Malvaceae;Eriotheca;;globosa;;;(Aubl.) A.Robyns;kew-2797574;Accepted;FALSE;FALSE;FALSE;09/12/2021
Eriotheca sp;Eriotheca;;sp;NA;NA;;;;FALSE;1.1;;;Eriotheca;;sp;NA;;;;;FALSE;FALSE;FALSE;09/12/2021
Erisma uncinatum;Erisma;;uncinatum;NA;NA;;;kew-2797636;TRUE;1.1;Accepted;Vochysiaceae;Erisma;;uncinatum;;;Warm.;kew-2797636;Accepted;FALSE;FALSE;FALSE;09/12/2021
Erythrina sp;Erythrina;;sp;NA;NA;;;;FALSE;1.1;;;Erythrina;;sp;NA;;;;;FALSE;FALSE;FALSE;09/12/2021
Eschweilera congestiflora;Eschweilera;;congestiflora;NA;NA;;;kew-313786;TRUE;1.1;Accepted;Lecythidaceae;Eschweilera;;congestiflora;;;(Benoist) Eyma;kew-313786;Accepted;FALSE;FALSE;FALSE;09/12/2021
Eschweilera coriacea;Eschweilera;;coriacea;NA;NA;;;kew-313788;TRUE;1.1;Accepted;Lecythidaceae;Eschweilera;;coriacea;;;(DC.) S.A.Mori;kew-313788;Accepted;FALSE;FALSE;FALSE;09/12/2021
Eschweilera simiorum;Eschweilera;;simiorum;NA;NA;;;kew-313916;TRUE;1.1;Accepted;Lecythidaceae;Eschweilera;;simiorum;;;(Benoist) Eyma;kew-313916;Accepted;FALSE;FALSE;FALSE;09/12/2021
Eschweilera sp;Eschweilera;;sp;NA;NA;;;;FALSE;1.1;;;Eschweilera;;sp;NA;;;;;FALSE;FALSE;FALSE;09/12/2021
Euplassa pinnata;Euplassa;;pinnata;NA;NA;;;kew-2804599;TRUE;1.1;Accepted;Proteaceae;Euplassa;;pinnata;;;(Lam.) I.M.Johnst.;kew-2804599;Accepted;FALSE;FALSE;FALSE;09/12/2021
Ficus elastica;Ficus;;elastica;NA;NA;;;kew-2810307;TRUE;1.1;Accepted;Moraceae;Ficus;;elastica;;;Roxb. ex Hornem.;kew-2810307;Accepted;FALSE;FALSE;FALSE;09/12/2021
Glycydendron amazonicum;Glycydendron;;amazonicum;NA;NA;;;kew-91174;TRUE;1.1;Accepted;Euphorbiaceae;Glycydendron;;amazonicum;;;Ducke;kew-91174;Accepted;FALSE;FALSE;FALSE;09/12/2021
Gmelina sp;Gmelina;;sp;NA;NA;;;;FALSE;1.1;;;Gmelina;;sp;NA;;;;;FALSE;FALSE;FALSE;09/12/2021
Goupia glabra;Goupia;;glabra;NA;NA;;;kew-2831531;TRUE;1.1;Accepted;Goupiaceae;Goupia;;glabra;;;Aubl.;kew-2831531;Accepted;FALSE;FALSE;FALSE;09/12/2021
Guarea gomma;Guarea;;gomma;NA;NA;;;kew-2834017;TRUE;1.1;Accepted;Meliaceae;Guarea;;gomma;;;Pulle;kew-2834017;Accepted;FALSE;FALSE;FALSE;09/12/2021
Guarea macrophylla;Guarea;;macrophylla;NA;NA;;;kew-2834067;TRUE;1.1;Accepted;Meliaceae;Guarea;;macrophylla;;;Vahl;kew-2834067;Accepted;FALSE;FALSE;FALSE;09/12/2021
Guarea punctulata;Guarea;;punctulata;NA;NA;;;kew-2834142;TRUE;1.1;Synonym;Meliaceae;Guarea;;macrophylla;subsp.;tuberculata;(Vell.) T.D.Penn.;kew-2834071;Accepted;FALSE;FALSE;FALSE;09/12/2021
Humiria balsamifera;Humiria;;balsamifera;NA;NA;;;kew-2854910;TRUE;1.1;Accepted;Humiriaceae;Humiria;;balsamifera;;;Aubl.;kew-2854910;Accepted;FALSE;FALSE;FALSE;09/12/2021
Hura crepitans;Hura;;crepitans;NA;NA;;;kew-100851;TRUE;1.1;Accepted;Euphorbiaceae;Hura;;crepitans;;;L.;kew-100851;Accepted;FALSE;FALSE;FALSE;09/12/2021
Hymenaea courbaril;Hymenaea;;courbaril;NA;NA;;;ild-1496;TRUE;1.1;Accepted;Leguminosae;Hymenaea;;courbaril;;;L.;ild-1496;Accepted;FALSE;FALSE;FALSE;09/12/2021
Hymenaea sp;Hymenaea;;sp;NA;NA;;;;FALSE;1.1;;;Hymenaea;;sp;NA;;;;;FALSE;FALSE;FALSE;09/12/2021
Hymenolobium sp;Hymenolobium;;sp;NA;NA;;;;FALSE;1.1;;;Hymenolobium;;sp;NA;;;;;FALSE;FALSE;FALSE;09/12/2021
Ilex casiquiarensis;Ilex;;casiquiarensis;NA;NA;;;kew-2860500;TRUE;1.1;Accepted;Aquifoliaceae;Ilex;;casiquiarensis;;;Loes.;kew-2860500;Accepted;FALSE;FALSE;FALSE;09/12/2021
Inga alba;Inga;;alba;NA;NA;;;ild-19794;TRUE;1.1;Accepted;Leguminosae;Inga;;alba;;;(Sw.) Willd.;ild-19794;Accepted;FALSE;FALSE;FALSE;09/12/2021
Inga capitata;Inga;;capitata;NA;NA;;;ild-11661;TRUE;1.1;Accepted;Leguminosae;Inga;;capitata;;;Desv.;ild-11661;Accepted;FALSE;FALSE;FALSE;09/12/2021
Inga sp;Inga;;sp;NA;NA;;;;FALSE;1.1;;;Inga;;sp;NA;;;;;FALSE;FALSE;FALSE;09/12/2021
Iryanthera sagotiana;Iryanthera;;sagotiana;NA;NA;;;tro-21800019;TRUE;1.1;Accepted;Myristicaceae;Iryanthera;;sagotiana;;;(Benth.) Warb.;tro-21800019;Accepted;FALSE;FALSE;FALSE;09/12/2021
Iryanthera sp;Iryanthera;;sp;NA;NA;;;;FALSE;1.1;;;Iryanthera;;sp;NA;;;;;FALSE;FALSE;FALSE;09/12/2021
Jacaranda copaia;Jacaranda;;copaia;NA;NA;;;kew-317413;TRUE;1.1;Accepted;Bignoniaceae;Jacaranda;;copaia;;;(Aubl.) D.Don;kew-317413;Accepted;FALSE;FALSE;FALSE;09/12/2021
Khaya senegalensis;Khaya;;senegalensis;NA;NA;;;kew-2334985;TRUE;1.1;Accepted;Meliaceae;Khaya;;senegalensis;;;(Desv.) A.Juss.;kew-2334985;Accepted;FALSE;FALSE;FALSE;09/12/2021
Laetia procera;Laetia;;procera;NA;NA;;;tro-13200215;TRUE;1.1;Accepted;Salicaceae;Laetia;;procera;;;(Poepp.) Eichler;tro-13200215;Accepted;FALSE;FALSE;FALSE;09/12/2021
Lecythis corrugata;Lecythis;;corrugata;NA;NA;;;kew-313017;TRUE;1.1;Accepted;Lecythidaceae;Lecythis;;corrugata;;;Poit.;kew-313017;Accepted;FALSE;FALSE;FALSE;09/12/2021
Lecythis idatimon;Lecythis;;idatimon;NA;NA;;;kew-312978;TRUE;1.1;Accepted;Lecythidaceae;Lecythis;;idatimon;;;Aubl.;kew-312978;Accepted;FALSE;FALSE;FALSE;09/12/2021
Lecythis persistens;Lecythis;;persistens;NA;NA;;;kew-312998;TRUE;1.1;Accepted;Lecythidaceae;Lecythis;;persistens;;;Sagot;kew-312998;Accepted;FALSE;FALSE;FALSE;09/12/2021
Lecythis zabucajo;Lecythis;;zabucajo;NA;NA;;;kew-313097;TRUE;1.1;Accepted;Lecythidaceae;Lecythis;;zabucajo;;;Aubl.;kew-313097;Accepted;FALSE;FALSE;FALSE;09/12/2021
Licania alba;Licania;;alba;NA;NA;;;kew-353929;TRUE;1.1;Accepted;Chrysobalanaceae;Licania;;alba;;;(Bernoulli) Cuatrec.;kew-353929;Accepted;FALSE;FALSE;FALSE;09/12/2021
Licania canescens;Licania;;canescens;NA;NA;;;kew-354149;TRUE;1.1;Accepted;Chrysobalanaceae;Licania;;canescens;;;Benoist;kew-354149;Accepted;FALSE;FALSE;FALSE;09/12/2021
Licania licaniaeflora;Licania;;licaniaeflora;NA;NA;;;;FALSE;1.1;;;Licania;;licaniaeflora;NA;;;;;FALSE;FALSE;FALSE;09/12/2021
Licania macrophylla;Licania;;macrophylla;NA;NA;;;kew-353767;TRUE;1.1;Accepted;Chrysobalanaceae;Licania;;macrophylla;;;Benth.;kew-353767;Accepted;FALSE;FALSE;FALSE;09/12/2021
Licania majuscula;Licania;;majuscula;NA;NA;;;kew-353766;TRUE;1.1;Accepted;Chrysobalanaceae;Licania;;majuscula;;;Sagot;kew-353766;Accepted;FALSE;FALSE;FALSE;09/12/2021
Licania membranacea;Licania;;membranacea;NA;NA;;;kew-353764;TRUE;1.1;Accepted;Chrysobalanaceae;Licania;;membranacea;;;Sagot ex Laness.;kew-353764;Accepted;FALSE;FALSE;FALSE;09/12/2021
Licania micrantha;Licania;;micrantha;NA;NA;;;kew-353763;TRUE;1.1;Accepted;Chrysobalanaceae;Licania;;micrantha;;;Miq.;kew-353763;Accepted;FALSE;FALSE;FALSE;09/12/2021
Licania ovalifolia;Licania;;ovalifolia;NA;NA;;;kew-354023;TRUE;1.1;Accepted;Chrysobalanaceae;Licania;;ovalifolia;;;Kleinh.;kew-354023;Accepted;FALSE;FALSE;FALSE;09/12/2021
Licania sp;Licania;;sp;NA;NA;;;;FALSE;1.1;;;Licania;;sp;NA;;;;;FALSE;FALSE;FALSE;09/12/2021
Licaria canella;Licaria;;canella;NA;NA;;;kew-2349219;TRUE;1.1;Accepted;Lauraceae;Licaria;;canella;;;(Meisn.) Kosterm.;kew-2349219;Accepted;FALSE;FALSE;FALSE;09/12/2021
Licaria cayennensis;Licaria;;cayennensis;NA;NA;;;tro-17802559;TRUE;1.1;Synonym;Lauraceae;Licaria;;canella;;;(Meisn.) Kosterm.;kew-2349219;Accepted;FALSE;FALSE;FALSE;09/12/2021
Licaria chrysophylla;Licaria;;chrysophylla;NA;NA;;;kew-2349189;TRUE;1.1;Accepted;Lauraceae;Licaria;;chrysophylla;;;(Meisn.) Kosterm.;kew-2349189;Accepted;FALSE;FALSE;FALSE;09/12/2021
Licaria polyphylla;Licaria;;polyphylla;NA;NA;;;kew-2351868;TRUE;1.1;Accepted;Lauraceae;Licaria;;polyphylla;;;(Nees) Kosterm.;kew-2351868;Accepted;FALSE;FALSE;FALSE;09/12/2021
Licaria sp;Licaria;;sp;NA;NA;;;;FALSE;1.1;;;Licaria;;sp;NA;;;;;FALSE;FALSE;FALSE;09/12/2021
Mabea speciosa;Mabea;;speciosa;NA;NA;;;kew-116224;TRUE;1.1;Accepted;Euphorbiaceae;Mabea;;speciosa;;;Müll.Arg.;kew-116224;Accepted;FALSE;FALSE;FALSE;09/12/2021
Macrolobium bifolium;Macrolobium;;bifolium;NA;NA;;;ild-20551;TRUE;1.1;Accepted;Leguminosae;Macrolobium;;bifolium;;;(Aubl.) Pers.;ild-20551;Accepted;FALSE;FALSE;FALSE;09/12/2021
Manilkara bidentata;Manilkara;;bidentata;NA;NA;;;kew-120114;TRUE;1.1;Accepted;Sapotaceae;Manilkara;;bidentata;;;(A.DC.) A.Chev.;kew-120114;Accepted;FALSE;FALSE;FALSE;09/12/2021
Micropholis guianensis;Micropholis;;guianensis;NA;NA;;;kew-127544;TRUE;1.1;Accepted;Sapotaceae;Micropholis;;guyanensis;;;(A.DC.) Pierre;kew-127544;Accepted;TRUE;FALSE;FALSE;09/12/2021
Micropholis melinoniana;Micropholis;;melinoniana;NA;NA;;;kew-127555;TRUE;1.1;Accepted;Sapotaceae;Micropholis;;melinoniana;;;Pierre;kew-127555;Accepted;FALSE;FALSE;FALSE;09/12/2021
Micropholis sp;Micropholis;;sp;NA;NA;;;;FALSE;1.1;;;Micropholis;;sp;NA;;;;;FALSE;FALSE;FALSE;09/12/2021
Micropholis venulosa;Micropholis;;venulosa;NA;NA;;;kew-127590;TRUE;1.1;Accepted;Sapotaceae;Micropholis;;venulosa;;;(Mart. & Eichler ex Miq.) Pierre;kew-127590;Accepted;FALSE;FALSE;FALSE;09/12/2021
Minquartia guianensis;Minquartia;;guianensis;NA;NA;;;kew-2502112;TRUE;1.1;Accepted;Olacaceae;Minquartia;;guianensis;;;Aubl.;kew-2502112;Accepted;FALSE;FALSE;FALSE;09/12/2021
Moronobea coccinea;Moronobea;;coccinea;NA;NA;;;kew-2372514;TRUE;1.1;Accepted;Clusiaceae;Moronobea;;coccinea;;;Aubl.;kew-2372514;Accepted;FALSE;FALSE;FALSE;09/12/2021
Mouriri sp;Mouriri;;sp;NA;NA;;;;FALSE;1.1;;;Mouriri;;sp;NA;;;;;FALSE;FALSE;FALSE;09/12/2021
Nectandra sp;Nectandra;;sp;NA;NA;;;;FALSE;1.1;;;Nectandra;;sp;NA;;;;;FALSE;FALSE;FALSE;09/12/2021
Neea floribunda;Neea;;floribunda;NA;NA;;;kew-2384132;TRUE;1.1;Accepted;Nyctaginaceae;Neea;;floribunda;;;Poepp. & Endl.;kew-2384132;Accepted;FALSE;FALSE;FALSE;09/12/2021
Ocotea benthamiana;Ocotea;;benthamiana;NA;NA;;;tro-17800054;TRUE;1.1;Accepted;Lauraceae;Ocotea;;benthamiana;;;Mez;tro-17800054;Accepted;FALSE;FALSE;FALSE;09/12/2021
Ocotea floribunda;Ocotea;;floribunda;NA;NA;;;kew-2386492;TRUE;1.1;Accepted;Lauraceae;Ocotea;;floribunda;;;(Sw.) Mez;kew-2386492;Accepted;FALSE;FALSE;FALSE;09/12/2021
Ocotea glomerata;Ocotea;;glomerata;NA;NA;;;kew-2386030;TRUE;1.1;Accepted;Lauraceae;Ocotea;;glomerata;;;(Nees) Mez;kew-2386030;Accepted;FALSE;FALSE;FALSE;09/12/2021
Ocotea guianensis;Ocotea;;guianensis;NA;NA;;;kew-2385951;TRUE;1.1;Accepted;Lauraceae;Ocotea;;guianensis;;;Aubl.;kew-2385951;Accepted;FALSE;FALSE;FALSE;09/12/2021
Ocotea oblonga;Ocotea;;oblonga;NA;NA;;;kew-2386144;TRUE;1.1;Accepted;Lauraceae;Ocotea;;oblonga;;;(Meisn.) Mez;kew-2386144;Accepted;FALSE;FALSE;FALSE;09/12/2021
Ocotea petalanthera;Ocotea;;petalanthera;NA;NA;;;tro-17800291;TRUE;1.1;Accepted;Lauraceae;Ocotea;;petalanthera;;;(Meisn.) Mez;tro-17800291;Accepted;FALSE;FALSE;FALSE;09/12/2021
Ocotea rubra;Ocotea;;rubra;NA;NA;;;kew-2386854;TRUE;1.1;Synonym;Lauraceae;Sextonia;;rubra;;;(Mez) van der Werff;kew-2591960;Accepted;FALSE;FALSE;FALSE;09/12/2021
Ocotea schomburgkiana;Ocotea;;schomburgkiana;NA;NA;;;kew-2387010;TRUE;1.1;Accepted;Lauraceae;Ocotea;;schomburgkiana;;;(Nees) Mez;kew-2387010;Accepted;FALSE;FALSE;FALSE;09/12/2021
Ocotea sp;Ocotea;;sp;NA;NA;;;;FALSE;1.1;;;Ocotea;;sp;NA;;;;;FALSE;FALSE;FALSE;09/12/2021
Ocotea splendens;Ocotea;;splendens;NA;NA;;;kew-2387041;TRUE;1.1;Accepted;Lauraceae;Ocotea;;splendens;;;(Meisn.) Baill.;kew-2387041;Accepted;FALSE;FALSE;FALSE;09/12/2021
Ormosia flava;Ormosia;;flava;NA;NA;;;ild-14588;TRUE;1.1;Accepted;Leguminosae;Ormosia;;flava;;;(Ducke) Rudd;ild-14588;Accepted;FALSE;FALSE;FALSE;09/12/2021
Ormosia sp;Ormosia;;sp;NA;NA;;;;FALSE;1.1;;;Ormosia;;sp;NA;;;;;FALSE;FALSE;FALSE;09/12/2021
Parahancornia fasciculata;Parahancornia;;fasciculata;NA;NA;;;kew-147481;TRUE;1.1;Accepted;Apocynaceae;Parahancornia;;fasciculata;;;(Poir.) Benoist;kew-147481;Accepted;FALSE;FALSE;FALSE;09/12/2021
Parinari campestris;Parinari;;campestris;NA;NA;;;kew-355480;TRUE;1.1;Accepted;Chrysobalanaceae;Parinari;;campestris;;;Aubl.;kew-355480;Accepted;FALSE;FALSE;FALSE;09/12/2021
Parkia nitida;Parkia;;nitida;NA;NA;;;ild-20275;TRUE;1.1;Accepted;Leguminosae;Parkia;;nitida;;;Miq.;ild-20275;Accepted;FALSE;FALSE;FALSE;09/12/2021
Parkia pendula;Parkia;;pendula;NA;NA;;;ild-20276;TRUE;1.1;Accepted;Leguminosae;Parkia;;pendula;;;(Willd.) Walp.;ild-20276;Accepted;FALSE;FALSE;FALSE;09/12/2021
Parkia sp;Parkia;;sp;NA;NA;;;;FALSE;1.1;;;Parkia;;sp;NA;;;;;FALSE;FALSE;FALSE;09/12/2021
Parkia ulei;Parkia;;ulei;NA;NA;;;ild-14669;TRUE;1.1;Accepted;Leguminosae;Parkia;;ulei;;;(Harms) Kuhlm.;ild-14669;Accepted;FALSE;FALSE;FALSE;09/12/2021
Peltogyne sp;Peltogyne;;sp;NA;NA;;;;FALSE;1.1;;;Peltogyne;;sp;NA;;;;;FALSE;FALSE;FALSE;09/12/2021
Peltogyne venosa;Peltogyne;;venosa;NA;NA;;;ild-33225;TRUE;1.1;Accepted;Leguminosae;Peltogyne;;venosa;;;(M.Vahl) Benth.;ild-33225;Accepted;FALSE;FALSE;FALSE;09/12/2021
Pinus caribaea;Pinus;;caribaea;NA;NA;;;kew-2563099;TRUE;1.1;Accepted;Pinaceae;Pinus;;caribaea;;;Morelet;kew-2563099;Accepted;FALSE;FALSE;FALSE;09/12/2021
Platonia insignis;Platonia;;insignis;NA;NA;;;kew-2408897;TRUE;1.1;Accepted;Clusiaceae;Platonia;;insignis;;;Mart.;kew-2408897;Accepted;FALSE;FALSE;FALSE;09/12/2021
Platymiscium sp;Platymiscium;;sp;NA;NA;;;;FALSE;1.1;;;Platymiscium;;sp;NA;;;;;FALSE;FALSE;FALSE;09/12/2021
Pourouma sp;Pourouma;;sp;NA;NA;;;;FALSE;1.1;;;Pourouma;;sp;NA;;;;;FALSE;FALSE;FALSE;09/12/2021
Pourouma villosa;Pourouma;;villosa;NA;NA;;;tro-50086641;TRUE;1.1;Accepted;Urticaceae;Pourouma;;villosa;;;Trécul;tro-50086641;Accepted;FALSE;FALSE;FALSE;09/12/2021
Pouteria sp;Pouteria;;sp;NA;NA;;;;FALSE;1.1;;;Pouteria;;sp;NA;;;;;FALSE;FALSE;FALSE;09/12/2021
Pradosia cochlearia;Pradosia;;cochlearia;NA;NA;;;kew-164549;TRUE;1.1;Accepted;Sapotaceae;Pradosia;;cochlearia;;;(Lecomte) T.D.Penn.;kew-164549;Accepted;FALSE;FALSE;FALSE;09/12/2021
Pradosia sp;Pradosia;;sp;NA;NA;;;;FALSE;1.1;;;Pradosia;;sp;NA;;;;;FALSE;FALSE;FALSE;09/12/2021
Protium sagotianum;Protium;;sagotianum;NA;NA;;;kew-2414348;TRUE;1.1;Accepted;Burseraceae;Protium;;sagotianum;;;Marchand;kew-2414348;Accepted;FALSE;FALSE;FALSE;09/12/2021
Protium sp;Protium;;sp;NA;NA;;;;FALSE;1.1;;;Protium;;sp;NA;;;;;FALSE;FALSE;FALSE;09/12/2021
Pseudopiptadenia psilostachya;Pseudopiptadenia;;psilostachya;NA;NA;;;ild-33928;TRUE;1.1;Accepted;Leguminosae;Pseudopiptadenia;;psilostachya;;;(DC.) G.P.Lewis & M.P.Lima;ild-33928;Accepted;FALSE;FALSE;FALSE;09/12/2021
Pseudopiptadenia suaveolens;Pseudopiptadenia;;suaveolens;NA;NA;;;tro-13076047;TRUE;1.1;Accepted;Leguminosae;Pseudopiptadenia;;suaveolens;;;(Miq.) J.W. Grimes;tro-13076047;Accepted;FALSE;FALSE;FALSE;09/12/2021
Pterocarpus officinalis;Pterocarpus;;officinalis;NA;NA;;;ild-41502;TRUE;1.1;Accepted;Leguminosae;Pterocarpus;;officinalis;;;Jacq.;ild-41502;Accepted;FALSE;FALSE;FALSE;09/12/2021
Qualea coerulea;Qualea;;coerulea;NA;NA;;;kew-2868153;TRUE;1.1;Accepted;Vochysiaceae;Qualea;;coerulea;;;Aubl.;kew-2868153;Accepted;FALSE;FALSE;FALSE;09/12/2021
Qualea rosea;Qualea;;rosea;NA;NA;;;kew-2868228;TRUE;1.1;Accepted;Vochysiaceae;Qualea;;rosea;;;Aubl.;kew-2868228;Accepted;FALSE;FALSE;FALSE;09/12/2021
Qualea sp;Qualea;;sp;NA;NA;;;;FALSE;1.1;;;Qualea;;sp;NA;;;;;FALSE;FALSE;FALSE;09/12/2021
Recordoxylon speciosum;Recordoxylon;;speciosum;NA;NA;;;tro-50072123;TRUE;1.1;Accepted;Leguminosae;Recordoxylon;;speciosum;;;(Benoist) Gazel ex Barneby;tro-50072123;Accepted;FALSE;FALSE;FALSE;09/12/2021
Rhabdodendron amazonicum;Rhabdodendron;;amazonicum;NA;NA;;;tro-28100252;TRUE;1.1;Accepted;Rhabdodendraceae;Rhabdodendron;;amazonicum;;;(Spruce ex Benth.) Huber;tro-28100252;Accepted;FALSE;FALSE;FALSE;09/12/2021
Rhodostemonodaphne grandis;Rhodostemonodaphne;;grandis;NA;NA;;;tro-17804393;TRUE;1.1;Accepted;Lauraceae;Rhodostemonodaphne;;grandis;;;(Mez) Rohwer;tro-17804393;Accepted;FALSE;FALSE;FALSE;09/12/2021
Rhodostemonodaphne kunthiana;Rhodostemonodaphne;;kunthiana;NA;NA;;;kew-2428841;TRUE;1.1;Accepted;Lauraceae;Rhodostemonodaphne;;kunthiana;;;(Nees) Rohwer;kew-2428841;Accepted;FALSE;FALSE;FALSE;09/12/2021
Richeria sp;Richeria;;sp;NA;NA;;;;FALSE;1.1;;;Richeria;;sp;NA;;;;;FALSE;FALSE;FALSE;09/12/2021
Ruizterania albiflora;Ruizterania;;albiflora;NA;NA;;;tro-34100257;TRUE;1.1;Synonym;Vochysiaceae;Qualea;;albiflora;;;Warm.;kew-2868139;Accepted;FALSE;FALSE;FALSE;09/12/2021
Sacoglottis cydonioides;Sacoglottis;;cydonioides;NA;NA;;;kew-2589266;TRUE;1.1;Accepted;Humiriaceae;Sacoglottis;;cydonioides;;;Cuatrec.;kew-2589266;Accepted;FALSE;FALSE;FALSE;09/12/2021
Sacoglottis guianensis;Sacoglottis;;guianensis;NA;NA;;;kew-2589259;TRUE;1.1;Accepted;Humiriaceae;Sacoglottis;;guianensis;;;Benth.;kew-2589259;Accepted;FALSE;FALSE;FALSE;09/12/2021
Schefflera decaphylla;Schefflera;;decaphylla;NA;NA;;;kew-187163;TRUE;1.1;Accepted;Araliaceae;Schefflera;;decaphylla;;;(Seem.) Harms;kew-187163;Accepted;FALSE;FALSE;FALSE;09/12/2021
Schefflera morototoni;Schefflera;;morototoni;NA;NA;;;kew-187438;TRUE;1.1;Accepted;Araliaceae;Schefflera;;morototoni;;;(Aubl.) Maguire, Steyerm. & Frodin;kew-187438;Accepted;FALSE;FALSE;FALSE;09/12/2021
Sclerolobium melinonii;Sclerolobium;;melinonii;NA;NA;;;ild-11761;TRUE;1.1;Accepted;Leguminosae;Sclerolobium;;melinonii;;;Harms;ild-11761;Accepted;FALSE;FALSE;FALSE;09/12/2021
Simaba multiflora;Simaba;;multiflora;NA;NA;;;kew-2580358;TRUE;1.1;Synonym;Simaroubaceae;Simaba;;orinocensis;;;Kunth;kew-2580361;Accepted;FALSE;FALSE;FALSE;09/12/2021
Simarouba amara;Simarouba;;amara;NA;NA;;;kew-2580434;TRUE;1.1;Accepted;Simaroubaceae;Simarouba;;amara;;;Aubl.;kew-2580434;Accepted;FALSE;FALSE;FALSE;09/12/2021
Sloanea latifolia;Sloanea;;latifolia;NA;NA;;;kew-2592258;TRUE;1.1;Accepted;Elaeocarpaceae;Sloanea;;latifolia;;;(Rich.) K.Schum.;kew-2592258;Accepted;FALSE;FALSE;FALSE;09/12/2021
Sterculia pruriens;Sterculia;;pruriens;NA;NA;;;kew-2579957;TRUE;1.1;Accepted;Malvaceae;Sterculia;;pruriens;;;(Aubl.) K.Schum.;kew-2579957;Accepted;FALSE;FALSE;FALSE;09/12/2021
Sterculia sp;Sterculia;;sp;NA;NA;;;;FALSE;1.1;;;Sterculia;;sp;NA;;;;;FALSE;FALSE;FALSE;09/12/2021
Stryphnodendron polystachyum;Stryphnodendron;;polystachyum;NA;NA;;;ild-10484;TRUE;1.1;Accepted;Leguminosae;Stryphnodendron;;polystachyum;;;(Miq.) Kleinhoonte;ild-10484;Accepted;FALSE;FALSE;FALSE;09/12/2021
Swartzia benthamiana;Swartzia;;benthamiana;NA;NA;;;ild-28187;TRUE;1.1;Accepted;Leguminosae;Swartzia;;benthamiana;;;Miq.;ild-28187;Accepted;FALSE;FALSE;FALSE;09/12/2021
Swartzia oblanceolata;Swartzia;;oblanceolata;NA;NA;;;ild-10557;TRUE;1.1;Accepted;Leguminosae;Swartzia;;oblanceolata;;;Sandwith;ild-10557;Accepted;FALSE;FALSE;FALSE;09/12/2021
Swartzia panacoco;Swartzia;;panacoco;NA;NA;;;ild-15164;TRUE;1.1;Accepted;Leguminosae;Swartzia;;panacoco;;;(Aubl.) Cowan;ild-15164;Accepted;FALSE;FALSE;FALSE;09/12/2021
Symphonia globulifera;Symphonia;;globulifera;NA;NA;;;kew-2484835;TRUE;1.1;Accepted;Clusiaceae;Symphonia;;globulifera;;;L.f.;kew-2484835;Accepted;FALSE;FALSE;FALSE;09/12/2021
Tabebuia fluviatilis;Tabebuia;;fluviatilis;NA;NA;;;kew-318682;TRUE;1.1;Accepted;Bignoniaceae;Tabebuia;;fluviatilis;;;(Aubl.) DC.;kew-318682;Accepted;FALSE;FALSE;FALSE;09/12/2021
Tabebuia serratifolia;Tabebuia;;serratifolia;NA;NA;;;kew-318865;TRUE;1.1;Synonym;Bignoniaceae;Handroanthus;;serratifolius;;;(Vahl) S.O.Grose;kew-347070;Accepted;FALSE;FALSE;FALSE;09/12/2021
Tabebuia sp;Tabebuia;;sp;NA;NA;;;;FALSE;1.1;;;Tabebuia;;sp;NA;;;;;FALSE;FALSE;FALSE;09/12/2021
Tachigali paniculata;Tachigali;;paniculata;NA;NA;;;ild-30251;TRUE;1.1;Accepted;Leguminosae;Tachigali;;paniculata;;;Aubl.;ild-30251;Accepted;FALSE;FALSE;FALSE;09/12/2021
Tapirira guianensis;Tapirira;;guianensis;NA;NA;;;kew-2436204;TRUE;1.1;Accepted;Anacardiaceae;Tapirira;;guianensis;;;Aubl.;kew-2436204;Accepted;FALSE;FALSE;FALSE;09/12/2021
Terminalia amazonia;Terminalia;;amazonia;NA;NA;;;kew-2431494;TRUE;1.1;Accepted;Combretaceae;Terminalia;;amazonia;;;(J.F.Gmel.) Exell;kew-2431494;Accepted;FALSE;FALSE;FALSE;09/12/2021
Terminalia guianensis;Terminalia;;guianensis;NA;NA;;;kew-2434252;TRUE;1.1;Accepted;Combretaceae;Terminalia;;guyanensis;;;Eichler;kew-2434252;Accepted;TRUE;FALSE;FALSE;09/12/2021
Tetragastris altissima;Tetragastris;;altissima;NA;NA;;;kew-2432749;TRUE;1.1;Accepted;Burseraceae;Tetragastris;;altissima;;;(Aubl.) Swart;kew-2432749;Accepted;FALSE;FALSE;FALSE;09/12/2021
Tetragastris hostmannii;Tetragastris;;hostmannii;NA;NA;;;kew-2432755;TRUE;1.1;Accepted;Burseraceae;Tetragastris;;hostmannii;;;(Engl.) Kuntze;kew-2432755;Accepted;FALSE;FALSE;FALSE;09/12/2021
Tetragastris panamensis;Tetragastris;;panamensis;NA;NA;;;kew-2432736;TRUE;1.1;Accepted;Burseraceae;Tetragastris;;panamensis;;;(Engl.) Kuntze;kew-2432736;Accepted;FALSE;FALSE;FALSE;09/12/2021
Tetragastris sp;Tetragastris;;sp;NA;NA;;;;FALSE;1.1;;;Tetragastris;;sp;NA;;;;;FALSE;FALSE;FALSE;09/12/2021
Thyrsodium guianense;Thyrsodium;;guianense;NA;NA;;;tro-1300237;TRUE;1.1;Accepted;Anacardiaceae;Thyrsodium;;guianense;;;Sagot ex Marchand;tro-1300237;Accepted;FALSE;FALSE;FALSE;09/12/2021
Thyrsodium spruceanum;Thyrsodium;;spruceanum;NA;NA;;;kew-2435296;TRUE;1.1;Accepted;Anacardiaceae;Thyrsodium;;spruceanum;;;Benth.;kew-2435296;Accepted;FALSE;FALSE;FALSE;09/12/2021
Tovomita carinata;Tovomita;;carinata;NA;NA;;;kew-2431706;TRUE;1.1;Accepted;Clusiaceae;Tovomita;;carinata;;;Eyma;kew-2431706;Accepted;FALSE;FALSE;FALSE;09/12/2021
Trattinickia burserifolia;Trattinickia;;burserifolia;NA;NA;;;kew-2432658;TRUE;1.1;Accepted;Burseraceae;Trattinnickia;;burserifolia;;;Mart.;kew-2432658;Accepted;TRUE;FALSE;FALSE;09/12/2021
Trattinickia rhoifolia;Trattinickia;;rhoifolia;NA;NA;;;kew-2432662;TRUE;1.1;Accepted;Burseraceae;Trattinnickia;;rhoifolia;;;Willd.;kew-2432662;Accepted;TRUE;FALSE;FALSE;09/12/2021
Vatairea paraensis;Vatairea;;paraensis;NA;NA;;;ild-11814;TRUE;1.1;Accepted;Leguminosae;Vatairea;;paraensis;;;Ducke;ild-11814;Accepted;FALSE;FALSE;FALSE;09/12/2021
Vataireopsis surinamensis;Vataireopsis;;surinamensis;NA;NA;;;ild-21567;TRUE;1.1;Accepted;Leguminosae;Vataireopsis;;surinamensis;;;Lima;ild-21567;Accepted;FALSE;FALSE;FALSE;09/12/2021
Virola michelii;Virola;;michelii;NA;NA;;;kew-2873146;TRUE;1.1;Accepted;Myristicaceae;Virola;;michelii;;;Heckel;kew-2873146;Accepted;FALSE;FALSE;FALSE;09/12/2021
Virola sp;Virola;;sp;NA;NA;;;;FALSE;1.1;;;Virola;;sp;NA;;;;;FALSE;FALSE;FALSE;09/12/2021
Virola surinamensis;Virola;;surinamensis;NA;NA;;;kew-2451940;TRUE;1.1;Accepted;Myristicaceae;Virola;;surinamensis;;;(Rol. ex Rottb.) Warb.;kew-2451940;Accepted;FALSE;FALSE;FALSE;09/12/2021
Vochysia cayennensis;Vochysia;;cayennensis;NA;NA;;;tro-34100057;TRUE;1.1;Accepted;Vochysiaceae;Vochysia;;cayennensis;;;Warm.;tro-34100057;Accepted;FALSE;FALSE;FALSE;09/12/2021
Vochysia guianensis;Vochysia;;guianensis;NA;NA;;;tro-34100169;TRUE;1.1;Accepted;Vochysiaceae;Vochysia;;guianensis;;;Aubl.;tro-34100169;Accepted;FALSE;FALSE;FALSE;09/12/2021
Vochysia neyratii;Vochysia;;neyratii;NA;NA;;;tro-50185043;TRUE;1.1;Accepted;Vochysiaceae;Vochysia;;neyratii;;;Normand;tro-50185043;Accepted;FALSE;FALSE;FALSE;09/12/2021
Vochysia sp;Vochysia;;sp;NA;NA;;;;FALSE;1.1;;;Vochysia;;sp;NA;;;;;FALSE;FALSE;FALSE;09/12/2021
Vochysia speciosa;Vochysia;;speciosa;NA;NA;;;tro-34100113;TRUE;1.1;Accepted;Vochysiaceae;Vochysia;;speciosa;;;Warm.;tro-34100113;Accepted;FALSE;FALSE;FALSE;09/12/2021
Vochysia tomentosa;Vochysia;;tomentosa;NA;NA;;;kew-2461016;TRUE;1.1;Accepted;Vochysiaceae;Vochysia;;tomentosa;;;(G.Mey.) DC.;kew-2461016;Accepted;FALSE;FALSE;FALSE;09/12/2021
Vouacapoua americana;Vouacapoua;;americana;NA;NA;;;ild-20484;TRUE;1.1;Accepted;Leguminosae;Vouacapoua;;americana;;;Aubl.;ild-20484;Accepted;FALSE;FALSE;FALSE;09/12/2021
Xylopia grandiflora;Xylopia;;grandiflora;NA;NA;;;kew-2468222;TRUE;1.1;Synonym;Annonaceae;Xylopia;;aromatica;;;(Lam.) Mart.;kew-2468137;Accepted;FALSE;FALSE;FALSE;09/12/2021
Xylopia sericea;Xylopia;;sericea;NA;NA;;;kew-2467939;TRUE;1.1;Accepted;Annonaceae;Xylopia;;sericea;;;A.St.-Hil.;kew-2467939;Accepted;FALSE;FALSE;FALSE;09/12/2021
Zanthoxylum rhoifolium;Zanthoxylum;;rhoifolium;NA;NA;;;kew-2469000;TRUE;1.1;Accepted;Rutaceae;Zanthoxylum;;rhoifolium;;;Lam.;kew-2469000;Accepted;FALSE;FALSE;FALSE;09/12/2021
Zygia racemosa;Zygia;;racemosa;NA;NA;;;tro-50157734;TRUE;1.1;Accepted;Leguminosae;Zygia;;racemosa;;;(Ducke) Barneby & J.W. Grimes;tro-50157734;Accepted;FALSE;FALSE;FALSE;09/12/2021
